Size,Building SF,Number Of Units,Number Of Floors,Price Per AC Land,Price Per SF Land,Asking Price,Number Of 1 Bedrooms Units,Number Of 2 Bedrooms Units,Floor Area Ratio,Number Of Parking Spaces,Number Of Studios Units,Typical Floor (SF),Number Of 3 Bedrooms Units,Land Area AC,Land Area SF,Star Rating,Net Income,Year Built,Age,Sale Price
4872,4872.0,8.0,2.0,10044718.96,230.6,"1,075,000",3.0,0.0,1.0,3.0,5.0,2436.0,0.0,0.11,4857.0,3.0,47515.0,1929.0,94.0,1120000.0
8898,8898.0,7.0,2.0,27260869.57,625.82,"4,000,000",6.0,1.0,1.47,10.0,0.0,3131.0,0.0,0.14,6072.0,2.0,107160.0,1939.0,84.0,3800000.0
6474,6474.0,4.0,2.0,20078107.85,460.93,"2,915,000",0.0,0.0,1.05,5.0,4.0,2848.0,0.0,0.14,6194.0,2.0,108730.0,1931.0,92.0,2855000.0
3980,3980.0,5.0,2.0,14209048.36,326.2,"2,375,000",4.0,1.0,0.56,4.0,0.0,3153.0,0.0,0.16,7051.0,2.0,77633.0,1941.0,82.0,2300000.0
4798,4798.0,9.0,2.0,7695600.0,176.67,"1,435,000",1.0,0.0,0.64,14.0,8.0,2399.0,0.0,0.17,7500.0,2.0,66117.0,1924.0,99.0,1325000.0
3100,3100.0,4.0,2.0,4130352.33,94.82,"1,050,000",1.0,0.0,0.31,2.0,2.0,1550.0,1.0,0.23,10019.0,2.0,64050.0,1925.0,98.0,950000.0
2636,2636.0,4.0,2.0,5808000.0,133.33,"849,000",4.0,0.0,0.45,4.0,0.0,1318.0,0.0,0.13,5850.0,3.0,50856.0,1941.0,82.0,780000.0
3328,3328.0,4.0,2.0,13317364.02,305.73,"1,685,000",4.0,0.0,0.63,4.0,0.0,1664.0,0.0,0.12,5258.0,2.0,50213.0,1922.0,101.0,1607500.0
2524,2524.0,4.0,2.0,8214824.53,188.59,"1,250,000",3.0,0.0,0.41,10.0,0.0,1262.0,0.0,0.14,6098.0,3.0,79350.0,1901.0,122.0,1150000.0
4692,4692.0,7.0,2.0,6250580.19,143.49,"1,499,000",6.0,1.0,0.49,4.0,0.0,2346.0,0.0,0.22,9652.0,2.0,45497.0,1937.0,86.0,1385000.0
5540,5540.0,8.0,2.0,6905899.68,158.54,"1,875,000",0.0,0.0,0.48,2.0,8.0,2770.0,0.0,0.27,11543.0,2.0,97125.0,1930.0,93.0,1830000.0
4218,4218.0,4.0,2.0,5666666.67,130.09,"975,000",4.0,0.0,0.65,4.0,0.0,2109.0,0.0,0.15,6534.0,2.0,50660.0,1922.0,101.0,850000.0
4718,4718.0,6.0,2.0,10800000.0,247.93,"1,699,000",6.0,0.0,0.72,4.0,0.0,2359.0,0.0,0.15,6534.0,2.0,89104.0,1940.0,83.0,1620000.0
3110,3110.0,4.0,2.0,10826666.67,248.55,"1,648,000",3.0,1.0,0.48,6.0,0.0,1555.0,0.0,0.15,6534.0,2.0,77784.0,1940.0,83.0,1624000.0
3660,3660.0,4.0,2.0,3046762.59,69.94,"750,000",3.0,0.0,0.37,12.0,1.0,1830.0,0.0,0.23,10008.0,2.0,34811.0,1926.0,97.0,700000.0
4065,4065.0,6.0,2.0,7208609.15,165.49,"1,800,000",3.0,3.0,0.39,9.0,0.0,2033.0,0.0,0.24,10454.0,2.0,118718.0,1924.0,99.0,1730000.0
5254,5254.0,4.0,2.0,7726945.82,177.39,"1,550,000",0.0,4.0,0.63,14.0,0.0,2627.0,0.0,0.19,8287.0,2.0,40636.0,1922.0,101.0,1470000.0
9377,9377.0,10.0,2.0,19031694.31,436.91,"2,950,000",0.0,0.0,1.39,4.0,10.0,4047.0,0.0,0.16,6752.0,2.0,147500.0,1925.0,98.0,2950000.0
4080,4080.0,6.0,1.0,5060942.65,116.18,"1,500,000",0.0,0.0,0.34,6.0,6.0,4080.0,0.0,0.28,12136.0,2.0,67240.0,1938.0,85.0,1410000.0
2192,2192.0,4.0,1.0,4686176.35,107.58,"775,000",4.0,0.0,0.31,3.0,0.0,2192.0,0.0,0.16,7111.0,2.0,36310.0,1923.0,100.0,765000.0
3461,3461.0,4.0,1.0,4843472.02,111.19,"799,000",1.0,3.0,0.5,4.0,0.0,3461.0,0.0,0.16,6970.0,2.0,35159.0,1908.0,115.0,775000.0
2665,2665.0,6.0,1.0,11210294.12,257.35,"1,550,000",6.0,0.0,0.44,5.0,0.0,2665.0,0.0,0.14,6120.0,2.0,68985.0,1924.0,99.0,1575000.0
2835,2835.0,4.0,1.0,4588359.22,105.33,"845,000",4.0,0.0,0.38,4.0,0.0,2835.0,0.0,0.17,7405.0,2.0,43056.0,1939.0,84.0,780000.0
2894,2894.0,5.0,1.0,6398489.14,146.89,"1,725,000",5.0,0.0,0.3,3.0,0.0,2894.0,0.0,0.22,9531.0,2.0,123766.0,1923.0,100.0,1400000.0
3720,3720.0,5.0,2.0,8635642.74,198.25,"1,050,000",4.0,1.0,0.78,3.0,0.0,1860.0,0.0,0.11,4792.0,2.0,43681.0,1924.0,99.0,950000.0
13760,13760.0,12.0,2.0,10529960.44,241.74,"5,350,000",4.0,8.0,0.67,18.0,0.0,10223.0,0.0,0.47,20477.0,2.0,230175.0,1937.0,86.0,4950000.0
5156,5156.0,5.0,2.0,12542665.9,287.94,"2,495,000",0.0,3.0,0.6,10.0,0.0,2578.0,2.0,0.2,8665.0,2.0,108682.0,1939.0,84.0,2495000.0
3580,3580.0,5.0,2.0,7656759.35,175.78,"1,849,950",3.0,2.0,0.38,5.0,0.0,1790.0,0.0,0.22,9387.0,2.0,61976.0,1941.0,82.0,1650000.0
2362,2362.0,4.0,2.0,7610916.98,174.72,"1,400,000",4.0,0.0,0.3,4.0,0.0,1181.0,0.0,0.18,7841.0,2.0,45441.0,1942.0,81.0,1370000.0
1953,1953.0,4.0,1.0,8885578.75,203.99,"1,725,000",2.0,1.0,0.26,3.0,1.0,1953.0,0.0,0.17,7378.0,2.0,60200.0,1943.0,80.0,1505000.0
4113,4113.0,4.0,2.0,12322236.8,282.88,"1,849,000",0.0,0.0,0.67,4.0,4.0,2057.0,0.0,0.14,6098.0,2.0,80220.0,1938.0,85.0,1725000.0
5386,5386.0,6.0,2.0,14178557.19,325.5,"2,590,000",0.0,0.0,0.72,5.0,6.0,2693.0,0.0,0.17,7527.0,2.0,126420.0,1922.0,101.0,2450000.0
13161,13161.0,18.0,3.0,16748478.05,384.49,"2,500,000",6.0,0.0,2.11,30.0,12.0,4387.0,0.0,0.14,6242.0,3.0,132000.0,1905.0,118.0,2400000.0
13574,13574.0,24.0,2.0,13986887.23,321.1,"5,150,000",0.0,0.0,0.91,15.0,24.0,6787.0,0.0,0.34,14871.0,3.0,253771.0,1930.0,93.0,4775000.0
3248,3248.0,7.0,1.0,6125000.0,140.61,"1,300,000",7.0,0.0,0.37,3.0,0.0,3248.0,0.0,0.2,8712.0,2.0,64312.0,1923.0,100.0,1225000.0
2582,2582.0,4.0,1.0,12067647.06,277.04,"1,895,000",3.0,1.0,0.38,5.0,0.0,2440.0,0.0,0.15,6732.0,2.0,93689.0,1925.0,98.0,1865000.0
5280,5280.0,6.0,2.0,16599469.0,381.07,"2,450,000",2.0,4.0,0.82,11.0,0.0,2640.0,0.0,0.15,6403.0,2.0,102480.0,1929.0,94.0,2440000.0
2880,2880.0,4.0,1.0,6933094.11,159.16,"1,350,000",5.0,0.0,0.33,4.0,0.0,2960.0,0.0,0.2,8639.0,2.0,83875.0,1927.0,96.0,1375000.0
7619,7619.0,8.0,2.0,4259200.0,97.78,"2,295,000",0.0,6.0,0.34,9.0,0.0,5619.0,2.0,0.52,22500.0,3.0,120028.0,1913.0,110.0,2200000.0
4641,4641.0,4.0,2.0,6081962.26,139.62,"1,165,000",4.0,0.0,0.7,8.0,0.0,2321.0,0.0,0.15,6625.0,2.0,24440.0,1929.0,94.0,925000.0
6484,6484.0,8.0,2.0,15074596.26,346.07,"3,025,000",8.0,0.0,0.83,8.0,0.0,3242.0,0.0,0.18,7802.0,2.0,145614.0,1938.0,85.0,2700000.0
6412,6412.0,12.0,3.0,6822520.81,156.62,"2,288,000",6.0,0.0,0.53,12.0,6.0,2137.0,0.0,0.28,12131.0,2.0,93286.0,1920.0,103.0,1900000.0
2828,2828.0,5.0,1.0,4559954.32,104.68,"1,200,000",2.0,2.0,0.27,4.0,1.0,2828.0,0.0,0.24,10508.0,2.0,29551.0,1930.0,93.0,1100000.0
7474,7474.0,10.0,2.0,14666666.67,336.7,"2,300,000",8.0,2.0,1.14,8.0,0.0,3737.0,0.0,0.15,6534.0,2.0,111445.0,1930.0,93.0,2200000.0
3522,3522.0,5.0,2.0,11594742.97,266.18,"1,800,000",2.0,1.0,0.59,3.0,1.0,1761.0,1.0,0.14,6011.0,2.0,44830.0,1923.0,100.0,1600000.0
3379,3379.0,14.0,2.0,18156666.67,416.82,"5,500,000",0.0,0.0,0.26,10.0,14.0,4610.0,0.0,0.3,13068.0,2.0,272350.0,1925.0,98.0,5447000.0
6582,6582.0,6.0,1.0,13245211.8,304.07,"2,350,000",4.0,1.0,0.92,3.0,0.0,6582.0,1.0,0.16,7153.0,2.0,110155.0,1940.0,83.0,2175000.0
17874,17874.0,16.0,2.0,20000633.31,459.15,"6,300,000",16.0,0.0,1.41,16.0,0.0,7864.0,0.0,0.29,12632.0,2.0,237377.0,1931.0,92.0,5800000.0
3250,3250.0,5.0,2.0,12632952.69,290.01,"1,998,000",1.0,2.0,0.59,5.0,2.0,1625.0,0.0,0.13,5517.0,3.0,90240.0,1922.0,101.0,1600000.0
8034,8034.0,6.0,2.0,10132068.63,232.6,"1,995,000",6.0,0.0,0.97,6.0,0.0,3080.0,0.0,0.19,8276.0,2.0,89162.0,1935.0,88.0,1925000.0
26427,26427.0,48.0,3.0,21052245.65,483.29,"6,195,000",0.0,0.0,2.2,5.0,48.0,8809.0,0.0,0.28,12001.0,2.0,232000.0,1922.0,101.0,5800000.0
4000,4000.0,5.0,2.0,6325266.22,145.21,"1,150,000",0.0,3.0,0.55,11.0,0.0,2000.0,2.0,0.17,7231.0,2.0,38546.0,1923.0,100.0,1050000.0
5824,5824.0,6.0,2.0,8823767.73,202.57,"1,515,000",4.0,0.0,0.79,6.0,2.0,2912.0,0.0,0.17,7405.0,2.0,64318.0,1906.0,117.0,1500000.0
6468,6468.0,8.0,2.0,25001639.88,573.96,"3,599,999",8.0,0.0,1.06,5.0,0.0,3234.0,0.0,0.14,6098.0,2.0,144000.0,1930.0,93.0,3500000.0
4085,4085.0,5.0,2.0,8681802.43,199.31,"1,495,000",0.0,5.0,0.54,10.0,0.0,2042.0,0.0,0.17,7501.0,2.0,63607.0,1940.0,83.0,1495000.0
5302,5302.0,4.0,2.0,19657039.71,451.26,"2,895,000",0.0,4.0,0.87,4.0,0.0,2762.0,0.0,0.14,6094.0,2.0,111898.0,1930.0,93.0,2750000.0
6158,6158.0,6.0,2.0,7781760.68,178.65,"3,195,000",3.0,2.0,0.36,11.0,0.0,3079.0,1.0,0.39,17071.0,3.0,98086.0,1923.0,100.0,3050000.0
5924,5924.0,13.0,2.0,10000000.0,229.57,"2,095,000",6.0,2.0,0.68,4.0,5.0,2962.0,0.0,0.2,8712.0,2.0,111233.0,1929.0,94.0,2000000.0
2388,2388.0,6.0,1.0,5007829.98,114.96,"975,000",0.0,0.0,0.3,7.0,5.0,2388.0,1.0,0.18,8046.0,2.0,44948.0,1926.0,97.0,925000.0
7884,7884.0,12.0,2.0,35310473.46,810.62,"7,250,000",7.0,1.0,1.13,8.0,4.0,3942.0,0.0,0.16,6970.0,2.0,154963.0,1939.0,84.0,5650000.0
3080,3080.0,4.0,1.0,8728365.69,200.38,"1,699,000",2.0,2.0,0.39,3.0,0.0,3080.0,0.0,0.18,7985.0,2.0,69621.0,1930.0,93.0,1600000.0
4924,4924.0,6.0,1.0,6309247.92,144.84,"1,500,000",1.0,4.0,0.54,6.0,0.0,4924.0,1.0,0.21,9148.0,2.0,63102.0,1927.0,96.0,1325000.0
6364,6364.0,6.0,2.0,14402738.76,330.64,"2,995,000",0.0,0.0,0.75,6.0,6.0,3182.0,0.0,0.2,8542.0,2.0,109018.0,1926.0,97.0,2825000.0
7393,7393.0,10.0,2.0,8613395.47,197.74,"1,485,000",4.0,0.0,0.98,6.0,6.0,3697.0,0.0,0.17,7510.0,3.0,74294.0,1909.0,114.0,1485000.0
4872,4872.0,5.0,2.0,10903031.51,250.3,"1,339,000",0.0,0.0,0.97,5.0,0.0,2436.0,5.0,0.12,5014.0,2.0,32582.0,1924.0,99.0,1255000.0
9336,9336.0,9.0,2.0,6305210.92,144.75,"1,800,000",2.0,5.0,0.77,13.0,1.0,4668.0,1.0,0.28,12090.0,2.0,79001.0,1939.0,84.0,1750000.0
4892,4892.0,4.0,2.0,11289647.29,259.18,"1,899,000",0.0,4.0,0.7,4.0,0.0,2446.0,0.0,0.16,7003.0,3.0,75889.0,1928.0,95.0,1815000.0
2952,2952.0,5.0,2.0,7083152.66,162.61,"1,325,000",0.0,0.0,0.38,10.0,5.0,1476.0,0.0,0.18,7841.0,2.0,64819.0,1929.0,94.0,1275000.0
3900,3900.0,5.0,1.0,5113743.09,117.4,"2,499,000",0.0,0.0,0.2,16.0,5.0,3900.0,0.0,0.44,19166.0,2.0,105694.0,1915.0,108.0,2250000.0
4337,4337.0,5.0,2.0,10805220.58,248.05,"1,650,000",1.0,1.0,0.66,5.0,1.0,2169.0,2.0,0.15,6551.0,3.0,73155.0,1924.0,99.0,1625000.0
10253,10253.0,14.0,2.0,12062246.49,276.91,"3,695,000",6.0,8.0,0.8,11.0,0.0,5127.0,0.0,0.29,12820.0,2.0,184750.0,1928.0,95.0,3550000.0
2016,2016.0,6.0,1.0,8528716.22,195.79,"1,275,000",6.0,0.0,0.31,5.0,0.0,2016.0,0.0,0.15,6512.0,3.0,58012.0,1922.0,101.0,1275000.0
6580,6580.0,11.0,2.0,30359134.14,696.95,"4,635,000",4.0,0.0,1.08,6.0,7.0,3290.0,0.0,0.14,6098.0,2.0,140166.0,1941.0,82.0,4250000.0
9942,9942.0,10.0,1.0,12620000.0,289.72,"3,499,000",0.0,0.0,0.91,4.0,10.0,8748.0,0.0,0.25,10890.0,2.0,190010.0,1921.0,102.0,3155000.0
3062,3062.0,6.0,1.0,11841420.49,271.84,"1,320,000",4.0,0.0,0.64,3.0,2.0,3062.0,0.0,0.11,4774.0,3.0,101367.0,1917.0,106.0,1297500.0
2429,2429.0,4.0,1.0,3754331.77,86.19,"775,000",3.0,1.0,0.27,8.0,0.0,2429.0,0.0,0.21,8934.0,2.0,25944.0,1923.0,100.0,770000.0
5374,5374.0,8.0,2.0,28811645.87,661.53,"4,849,000",0.0,8.0,0.73,6.0,0.0,2687.0,0.0,0.17,7330.0,2.0,242935.0,1932.0,91.0,4849000.0
9408,9408.0,16.0,2.0,16169154.23,371.27,"2,600,000",0.0,0.0,1.34,1.0,16.0,4704.0,0.0,0.16,7003.0,2.0,124800.0,1922.0,101.0,2600000.0
7020,7020.0,14.0,2.0,14411764.71,330.86,"2,450,000",1.0,1.0,0.95,5.0,12.0,3510.0,0.0,0.17,7405.0,2.0,149422.0,1927.0,96.0,2450000.0
4397,4397.0,5.0,1.0,10904872.39,250.35,"2,350,000",0.0,0.0,0.47,3.0,5.0,4397.0,0.0,0.22,9387.0,2.0,97341.0,1939.0,84.0,2350000.0
5716,5716.0,5.0,2.0,14468371.47,332.05,"2,150,000",0.0,0.0,0.88,5.0,5.0,2858.0,0.0,0.15,6475.0,2.0,132235.0,1928.0,95.0,2150000.0
5385,5385.0,8.0,2.0,9239130.44,212.1,"2,125,000",6.0,0.0,0.54,7.0,0.0,2693.0,2.0,0.23,10019.0,2.0,106250.0,1936.0,87.0,2125000.0
2840,2840.0,4.0,2.0,8340697.1,191.44,"1,699,000",2.0,2.0,0.32,7.0,0.0,1420.0,0.0,0.2,8875.0,2.0,78757.0,1940.0,83.0,1699000.0
9260,9260.0,10.0,2.0,5943197.76,136.42,"1,695,000",8.0,2.0,0.75,10.0,0.0,4630.0,0.0,0.29,12425.0,2.0,71677.0,1939.0,84.0,1695000.0
3312,3312.0,5.0,2.0,9343750.0,214.49,"1,495,000",4.0,1.0,0.48,5.0,0.0,1656.0,0.0,0.16,6970.0,2.0,62748.0,1943.0,80.0,1495000.0
3101,3101.0,3.0,1.0,7352941.18,168.81,"1,250,000",0.0,2.0,0.42,6.0,0.0,3101.0,1.0,0.17,7405.0,2.0,79974.0,1920.0,103.0,1250000.0
2664,2664.0,5.0,1.0,8422939.07,193.35,"1,175,000",5.0,0.0,0.44,3.0,0.0,2432.0,0.0,0.14,6077.0,2.0,73744.0,1941.0,82.0,1175000.0
2720,2720.0,4.0,1.0,6565625.0,150.72,"1,050,500",4.0,0.0,0.39,3.0,0.0,2720.0,0.0,0.16,6970.0,2.0,48644.0,1923.0,100.0,1050500.0
2954,2954.0,4.0,1.0,4659090.91,106.96,"1,025,000",0.0,4.0,0.31,4.0,0.0,2954.0,0.0,0.22,9583.0,2.0,50512.0,1944.0,79.0,1025000.0
1585,1585.0,2.0,1.0,4642857.14,106.59,"650,000",0.0,2.0,0.26,2.0,0.0,1585.0,0.0,0.14,6098.0,2.0,19835.0,1940.0,83.0,650000.0
7774,7774.0,6.0,2.0,22465759.27,515.74,"3,300,000",0.0,0.0,1.27,6.0,6.0,3420.0,0.0,0.14,6098.0,2.0,126720.0,1960.0,63.0,3145000.0
4184,4184.0,6.0,2.0,6150000.0,141.19,"1,235,000",4.0,2.0,0.48,6.0,0.0,2339.0,0.0,0.2,8712.0,2.0,42484.0,1956.0,67.0,1230000.0
9166,9166.0,12.0,2.0,9998461.17,229.53,"3,100,000",8.0,4.0,0.74,11.0,0.0,4580.0,0.0,0.28,12332.0,2.0,155000.0,1957.0,66.0,2830602.0
12876,12876.0,14.0,2.0,14000000.0,321.4,"4,400,000",0.0,0.0,0.99,8.0,14.0,6438.0,0.0,0.3,13068.0,2.0,168000.0,1954.0,69.0,4200000.0
2932,2932.0,5.0,2.0,14966266.87,343.58,"1,250,000",0.0,0.0,0.73,7.0,5.0,1290.0,0.0,0.09,4002.0,2.0,56081.0,1958.0,65.0,1375000.0
3145,3145.0,6.0,2.0,24376979.33,559.62,"2,195,000",6.0,0.0,0.27,7.0,0.0,1573.0,0.0,0.26,11470.0,2.0,92224.0,1953.0,70.0,1760000.0
5699,5699.0,8.0,2.0,13351506.46,306.51,"2,399,737",0.0,0.0,0.74,8.0,8.0,2850.0,0.0,0.18,7667.0,2.0,94000.0,1952.0,71.0,2350000.0
6429,6429.0,10.0,1.0,11166997.28,256.36,"3,375,000",4.0,2.0,0.51,10.0,4.0,6429.0,0.0,0.29,12502.0,3.0,147110.0,1950.0,73.0,3205000.0
6670,6670.0,9.0,2.0,12621865.6,289.76,"2,750,000",0.0,0.0,0.74,9.0,9.0,3335.0,0.0,0.21,8973.0,2.0,159380.0,1956.0,67.0,2600000.0
4066,4066.0,6.0,1.0,4249479.71,97.56,"1,500,000",6.0,0.0,0.26,15.0,0.0,4066.0,0.0,0.35,15376.0,2.0,67050.0,1948.0,75.0,1500000.0
4330,4330.0,3.0,2.0,14517684.58,333.28,"2,350,000",0.0,2.0,0.69,3.0,0.0,2165.0,1.0,0.14,6271.0,2.0,52877.0,1951.0,72.0,2090000.0
6646,6646.0,11.0,2.0,23351752.58,536.08,"4,250,000",11.0,0.0,0.91,7.0,0.0,3323.0,0.0,0.17,7275.0,2.0,89700.0,1948.0,75.0,3900000.0
6690,6690.0,8.0,2.0,23517143.17,539.88,"2,950,000",4.0,4.0,1.22,5.0,0.0,3345.0,0.0,0.13,5469.0,2.0,139953.0,1954.0,69.0,2952600.0
10736,10736.0,12.0,2.0,8333333.33,191.31,"4,075,000",6.0,6.0,0.55,16.0,0.0,5368.0,0.0,0.45,19602.0,3.0,150367.0,1952.0,71.0,3750000.0
18510,18510.0,18.0,2.0,12543273.08,287.95,"3,600,000",0.0,18.0,1.48,9.0,0.0,8643.0,0.0,0.29,12502.0,2.0,173160.0,1953.0,70.0,3600000.0
3827,3827.0,9.0,2.0,11513779.2,264.32,"1,995,000",5.0,0.0,0.61,4.0,4.0,1914.0,0.0,0.14,6250.0,3.0,91570.0,1956.0,67.0,1652000.0
10024,10024.0,20.0,2.0,9759938.54,224.06,"3,500,000",20.0,0.0,0.64,20.0,0.0,6474.0,0.0,0.36,15621.0,2.0,172607.0,1959.0,64.0,3500000.0
3011,3011.0,5.0,2.0,2726238.51,62.59,"1,175,000",4.0,1.0,0.16,8.0,0.0,3011.0,0.0,0.43,18934.0,1.0,41830.0,1957.0,66.0,1185000.0
3016,3016.0,4.0,2.0,8896182.27,204.23,"995,000",0.0,0.0,0.62,4.0,4.0,1715.0,0.0,0.11,4872.0,2.0,62333.0,1960.0,63.0,995000.0
2688,2688.0,4.0,1.0,3880623.61,89.09,"970,000",0.0,0.0,0.25,4.0,4.0,2688.0,0.0,0.25,10776.0,2.0,33445.0,1951.0,72.0,960000.0
4836,4836.0,8.0,2.0,17976915.49,412.69,"2,750,000",6.0,2.0,0.8,7.0,0.0,3346.0,0.0,0.14,6082.0,2.0,126050.0,1953.0,70.0,2510000.0
6557,6557.0,7.0,2.0,7278837.57,167.1,"1,650,000",6.0,1.0,0.68,7.0,0.0,3279.0,0.0,0.22,9635.0,2.0,82498.0,1958.0,65.0,1610000.0
5820,5820.0,11.0,2.0,14425547.01,331.17,"2,850,000",11.0,0.0,0.69,12.0,0.0,2910.0,0.0,0.19,8455.0,2.0,123534.0,1957.0,66.0,2800000.0
10300,10300.0,16.0,2.0,11617960.84,266.71,"4,000,000",11.0,1.0,0.7,10.0,4.0,5150.0,0.0,0.34,14810.0,2.0,186543.0,1946.0,77.0,3950000.0
5645,5645.0,6.0,2.0,15066666.67,345.88,"2,375,000",0.0,0.0,0.86,6.0,6.0,2823.0,0.0,0.15,6534.0,2.0,96106.0,1955.0,68.0,2260000.0
4352,4352.0,7.0,2.0,9636074.87,221.21,"1,710,000",7.0,0.0,0.62,10.0,0.0,2864.0,0.0,0.16,7052.0,2.0,56628.0,1956.0,67.0,1560000.0
3046,3046.0,5.0,2.0,8334183.67,191.33,"1,500,000",4.0,1.0,0.43,6.0,0.0,1523.0,0.0,0.16,7056.0,2.0,49545.0,1946.0,77.0,1350000.0
4576,4576.0,8.0,2.0,8824179.26,202.58,"1,998,000",4.0,4.0,0.46,8.0,0.0,2288.0,0.0,0.23,9863.0,3.0,95076.0,1949.0,74.0,1998000.0
4344,4344.0,5.0,2.0,6847689.39,157.2,"1,575,000",0.0,5.0,0.43,9.0,0.0,2172.0,0.0,0.23,10019.0,1.0,70185.0,1954.0,69.0,1575000.0
5610,5610.0,5.0,2.0,10661227.82,244.75,"1,300,000",0.0,5.0,1.12,5.0,0.0,2050.0,0.0,0.11,5005.0,2.0,61388.0,1959.0,64.0,1200000.0
3458,3458.0,4.0,2.0,13856564.49,318.1,"1,195,000",1.0,1.0,0.53,4.0,0.0,1729.0,0.0,0.15,6534.0,2.0,52800.0,1959.0,64.0,1100000.0
5280,5280.0,8.0,2.0,7433248.9,170.64,"1,500,000",7.0,1.0,0.7,8.0,0.0,2640.0,0.0,0.17,7501.0,2.0,53405.0,1954.0,69.0,1280000.0
24800,24800.0,40.0,2.0,11204087.93,257.21,"9,900,000",0.0,0.0,0.85,33.0,40.0,12400.0,0.0,0.67,29159.0,2.0,398000.0,1956.0,67.0,7500000.0
3982,3982.0,6.0,2.0,15922644.34,365.53,"3,100,000",4.0,2.0,0.5,5.0,0.0,1991.0,0.0,0.18,8002.0,2.0,140585.0,1953.0,70.0,2925000.0
5636,5636.0,6.0,1.0,11361659.91,260.83,"2,499,777",0.0,6.0,0.6,6.0,0.0,5636.0,0.0,0.22,9374.0,2.0,37800.0,1946.0,77.0,2445000.0
5782,5782.0,8.0,2.0,13643752.05,313.22,"2,299,000",8.0,0.0,0.95,8.0,0.0,2891.0,0.0,0.14,6098.0,2.0,101156.0,1958.0,65.0,1910000.0
7720,7720.0,7.0,2.0,22217897.17,510.05,"3,150,000",0.0,0.0,1.27,10.0,7.0,3396.0,0.0,0.14,6068.0,2.0,122850.0,1957.0,66.0,3095000.0
5242,5242.0,6.0,2.0,11249354.38,258.25,"2,499,000",2.0,4.0,0.75,6.0,0.0,2621.0,0.0,0.16,6970.0,2.0,112785.0,1960.0,63.0,1800000.0
5014,5014.0,7.0,2.0,13722360.12,315.02,"1,850,000",6.0,1.0,0.85,4.0,0.0,2507.0,0.0,0.14,5898.0,2.0,82572.0,1955.0,68.0,1858000.0
4100,4100.0,5.0,2.0,3928507.01,90.19,"1,199,000",2.0,3.0,0.34,18.0,0.0,2050.0,0.0,0.28,12197.0,2.0,59950.0,1957.0,66.0,1100000.0
6937,6937.0,8.0,2.0,11428071.71,262.35,"2,500,000",4.0,4.0,0.76,5.0,0.0,3469.0,0.0,0.21,9148.0,2.0,86065.0,1948.0,75.0,2400000.0
9914,9914.0,10.0,2.0,14054228.45,322.64,"5,800,000",0.0,10.0,0.62,20.0,0.0,9914.0,0.0,0.37,16117.0,2.0,166400.0,1958.0,65.0,5200000.0
4568,4568.0,6.0,2.0,8882592.84,203.92,"1,585,000",0.0,0.0,0.62,6.0,6.0,2284.0,0.0,0.17,7405.0,2.0,58636.0,1959.0,64.0,1510000.0
7107,7107.0,10.0,2.0,12941526.0,297.1,"2,500,000",4.0,6.0,0.96,10.0,0.0,5013.0,0.0,0.17,7405.0,2.0,105800.0,1959.0,64.0,2200000.0
3272,3272.0,6.0,2.0,11180884.81,256.68,"1,230,000",6.0,0.0,0.68,6.0,0.0,1636.0,0.0,0.11,4792.0,2.0,52152.0,1959.0,64.0,1230000.0
4125,4125.0,6.0,2.0,10647346.39,244.43,"2,189,000",0.0,6.0,0.56,7.0,0.0,2063.0,0.0,0.17,7405.0,2.0,98453.0,1959.0,64.0,1810000.0
3474,3474.0,6.0,1.0,5324457.04,122.23,"1,300,000",5.0,1.0,0.36,10.0,0.0,3474.0,0.0,0.22,9531.0,2.0,48580.0,1955.0,68.0,1165000.0
9456,9456.0,12.0,2.0,14987097.88,344.06,"4,225,000",8.0,4.0,0.81,10.0,0.0,4728.0,0.0,0.27,11626.0,2.0,163615.0,1953.0,70.0,4000000.0
9808,9808.0,12.0,2.0,8519505.23,195.58,"4,200,000",0.0,12.0,0.52,16.0,0.0,4904.0,0.0,0.43,18918.0,2.0,170416.0,1952.0,71.0,3700000.0
3151,3151.0,10.0,1.0,4934512.89,113.28,"1,200,000",1.0,2.0,0.34,5.0,0.0,3151.0,1.0,0.21,9270.0,2.0,34920.0,1958.0,65.0,1050000.0
2924,2924.0,4.0,2.0,4352288.03,99.92,"1,149,000",1.0,3.0,0.25,8.0,0.0,1462.0,0.0,0.27,11735.0,2.0,44653.0,1950.0,73.0,1172500.0
3014,3014.0,4.0,2.0,12964285.71,297.62,"2,870,000",2.0,2.0,0.36,2.0,0.0,1507.0,0.0,0.19,8400.0,2.0,61685.0,1953.0,70.0,2500000.0
4265,4265.0,5.0,2.0,15323639.78,351.78,"1,600,000",1.0,4.0,1.0,9.0,0.0,2133.0,0.0,0.1,4264.0,2.0,72000.0,1955.0,68.0,1500000.0
5945,5945.0,7.0,2.0,17284608.0,396.8,"2,400,000",2.0,4.0,0.95,10.0,1.0,2972.0,0.0,0.14,6251.0,2.0,94736.0,1955.0,68.0,2480000.0
5600,5600.0,8.0,2.0,14118028.36,324.11,"2,400,000",8.0,0.0,0.76,10.0,0.0,2800.0,0.0,0.17,7405.0,2.0,88128.0,1952.0,71.0,2400000.0
26044,26044.0,43.0,2.0,9394909.34,215.68,"11,950,000",0.0,42.0,0.49,71.0,0.0,13022.0,1.0,1.22,53274.0,2.0,502113.0,1958.0,65.0,11490000.0
5536,5536.0,6.0,1.0,3841269.84,88.18,"1,850,000",0.0,4.0,0.27,12.0,0.0,5536.0,2.0,0.47,20412.0,2.0,83828.0,1957.0,66.0,1800000.0
7582,7582.0,8.0,2.0,17147428.57,393.65,"3,400,000",0.0,0.0,0.96,8.0,8.0,2820.0,0.0,0.18,7875.0,2.0,119183.0,1958.0,65.0,3100000.0
8427,8427.0,6.0,2.0,15298451.84,351.2,"3,200,000",1.0,4.0,1.21,6.0,0.0,4214.0,1.0,0.16,6976.0,2.0,75302.0,1951.0,72.0,2450000.0
4809,4809.0,7.0,2.0,8571053.78,196.76,"2,000,000",3.0,2.0,0.53,9.0,2.0,2729.0,0.0,0.21,9148.0,2.0,78483.0,1959.0,64.0,1800000.0
6166,6166.0,8.0,2.0,9922726.47,227.79,"2,700,000",4.0,4.0,0.54,8.0,0.0,3083.0,0.0,0.26,11326.0,2.0,116400.0,1959.0,64.0,2580000.0
8908,8908.0,12.0,2.0,27615859.39,633.97,"4,650,000",10.0,2.0,1.2,10.0,0.0,4455.0,0.0,0.17,7453.0,3.0,198606.0,1955.0,68.0,4725000.0
6430,6430.0,9.0,2.0,14272285.62,327.65,"3,195,000",7.0,2.0,0.73,9.0,0.0,3215.0,0.0,0.2,8851.0,2.0,124058.0,1959.0,64.0,2900000.0
10218,10218.0,9.0,2.0,9130252.52,209.6,"4,600,000",3.0,3.0,0.51,15.0,2.0,5109.0,1.0,0.46,20038.0,2.0,183625.0,1958.0,65.0,4200000.0
41029,41029.0,11.0,2.0,18824037.81,432.14,"29,500,000",5.0,3.0,5.54,30.0,1.0,20515.0,2.0,0.17,7405.0,2.0,1385094.0,1955.0,68.0,3200000.0
3509,3509.0,4.0,2.0,12353274.81,283.59,"2,000,000",0.0,3.0,0.47,5.0,0.0,1755.0,1.0,0.17,7405.0,2.0,88167.0,1953.0,70.0,2100000.0
3256,3256.0,4.0,2.0,9618511.8,220.81,"1,500,000",0.0,4.0,0.49,4.0,0.0,1628.0,0.0,0.15,6612.0,2.0,72562.0,1946.0,77.0,1460000.0
5512,5512.0,7.0,2.0,14184896.09,325.64,"2,695,000",6.0,1.0,0.67,8.0,0.0,2756.0,0.0,0.19,8276.0,3.0,101871.0,1957.0,66.0,2695000.0
8454,8454.0,13.0,2.0,13900000.0,319.1,"3,000,000",0.0,0.0,0.97,17.0,13.0,4227.0,0.0,0.2,8712.0,2.0,132068.0,1958.0,65.0,2780000.0
4324,4324.0,5.0,2.0,8016322.61,184.03,"1,100,000",3.0,2.0,0.69,5.0,0.0,2162.0,0.0,0.14,6249.0,2.0,65546.0,1959.0,64.0,1150000.0
2304,2304.0,4.0,1.0,2005189.15,46.03,"825,000",4.0,0.0,0.13,6.0,0.0,2304.0,0.0,0.41,17922.0,2.0,60092.0,1948.0,75.0,825000.0
6479,6479.0,8.0,2.0,19511432.01,447.92,"3,500,000",8.0,0.0,0.87,5.0,0.0,4520.0,0.0,0.17,7479.0,2.0,154100.0,1956.0,67.0,3350000.0
4799,4799.0,6.0,2.0,18086112.0,415.2,"2,640,000",2.0,2.0,0.77,6.0,1.0,2399.0,1.0,0.14,6251.0,3.0,83040.0,1959.0,64.0,2595000.0
4876,4876.0,6.0,2.0,15033685.83,345.13,"1,850,000",3.0,1.0,0.94,3.0,0.0,2438.0,2.0,0.12,5201.0,2.0,85801.0,1960.0,63.0,1795000.0
6234,6234.0,6.0,2.0,17138310.73,393.44,"2,900,000",2.0,4.0,0.87,9.0,0.0,3117.0,0.0,0.16,7153.0,2.0,85470.0,1951.0,72.0,2813500.0
7462,7462.0,10.0,2.0,10304952.8,236.57,"2,500,000",6.0,4.0,0.87,9.0,0.0,3731.0,0.0,0.2,8581.0,2.0,75994.0,1956.0,67.0,2030000.0
6566,6566.0,20.0,2.0,22379763.97,513.77,"3,345,000",1.0,0.0,1.03,1.0,19.0,3283.0,0.0,0.15,6355.0,2.0,178444.0,1955.0,68.0,3265000.0
3002,3002.0,4.0,1.0,8328871.89,191.21,"1,650,000",4.0,0.0,0.36,4.0,0.0,3002.0,0.0,0.19,8368.0,2.0,42240.0,1949.0,74.0,1600000.0
4000,4000.0,8.0,2.0,13558025.79,311.25,"2,100,000",8.0,0.0,0.59,7.0,0.0,2000.0,0.0,0.15,6747.0,2.0,90720.0,1955.0,68.0,2100000.0
40094,40094.0,28.0,2.0,23268842.33,534.18,"10,995,000",0.0,0.0,1.67,32.0,32.0,14421.0,0.0,0.55,23962.0,2.0,360884.0,1960.0,63.0,12800000.0
5864,5864.0,8.0,2.0,15624103.3,358.68,"2,700,000",7.0,1.0,0.84,6.0,0.0,2932.0,0.0,0.16,6970.0,2.0,126210.0,1958.0,65.0,2500000.0
5166,5166.0,8.0,2.0,9474142.1,217.5,"1,875,000",6.0,2.0,0.62,9.0,0.0,2583.0,0.0,0.19,8276.0,2.0,84600.0,1958.0,65.0,1800000.0
8181,8181.0,14.0,2.0,23461191.84,538.6,"4,250,000",7.0,1.0,1.09,9.0,6.0,6143.0,0.0,0.17,7501.0,2.0,182750.0,1957.0,66.0,4040000.0
18661,18661.0,22.0,2.0,11297376.09,259.35,"6,200,000",12.0,9.0,0.78,23.0,1.0,9331.0,0.0,0.55,23906.0,2.0,257920.0,1960.0,63.0,6200000.0
16000,16000.0,16.0,2.0,17241379.31,395.81,"5,700,000",4.0,8.0,1.11,11.0,0.0,8000.0,4.0,0.33,14401.0,2.0,243473.0,1960.0,63.0,5700000.0
10624,10624.0,16.0,2.0,9146341.46,209.97,"3,750,000",16.0,0.0,0.59,21.0,0.0,5312.0,0.0,0.41,17860.0,2.0,125894.0,1956.0,67.0,3750000.0
10226,10226.0,8.0,2.0,9464285.71,217.27,"2,650,000",0.0,0.0,0.84,8.0,8.0,4499.0,0.0,0.28,12197.0,2.0,129850.0,1948.0,75.0,2650000.0
6766,6766.0,10.0,2.0,13388259.53,307.37,"2,600,000",10.0,0.0,0.8,12.0,0.0,3383.0,0.0,0.19,8459.0,2.0,136027.0,1949.0,74.0,2600000.0
11396,11396.0,16.0,2.0,6940540.54,159.34,"2,568,000",0.0,0.0,0.71,16.0,16.0,5698.0,0.0,0.37,16117.0,2.0,62116.0,1960.0,63.0,2568000.0
7058,7058.0,8.0,2.0,12115093.39,278.1,"2,400,000",4.0,2.0,0.82,8.0,0.0,3529.0,2.0,0.2,8630.0,2.0,177702.0,1956.0,67.0,2400000.0
6196,6196.0,5.0,2.0,14965986.4,343.59,"2,200,000",2.0,3.0,0.97,10.0,0.0,3098.0,0.0,0.15,6403.0,2.0,106894.0,1958.0,65.0,2200000.0
3360,3360.0,5.0,2.0,12945527.91,297.21,"1,925,000",2.0,3.0,0.52,5.0,0.0,1680.0,0.0,0.15,6477.0,2.0,105570.0,1948.0,75.0,1925000.0
4590,4590.0,8.0,2.0,10000000.0,229.56,"1,600,000",0.0,4.0,0.66,10.0,4.0,2020.0,0.0,0.16,6970.0,2.0,54240.0,1957.0,66.0,1600000.0
6156,6156.0,6.0,2.0,6494447.13,149.1,"1,345,000",0.0,0.0,0.68,6.0,6.0,2708.0,0.0,0.21,9021.0,2.0,49741.0,1956.0,67.0,1345000.0
5418,5418.0,6.0,2.0,7633587.79,175.25,"1,300,000",0.0,0.0,0.73,6.0,6.0,2709.0,0.0,0.17,7418.0,2.0,61230.0,1952.0,71.0,1300000.0
3684,3684.0,6.0,2.0,8184931.51,187.89,"1,195,000",6.0,0.0,0.58,6.0,0.0,1842.0,0.0,0.15,6360.0,2.0,60108.0,1959.0,64.0,1195000.0
2050,2050.0,5.0,1.0,6640625.0,152.45,"765,000",4.0,1.0,0.41,3.0,0.0,2050.0,0.0,0.12,5018.0,2.0,19656.0,1951.0,72.0,765000.0
6334,6334.0,5.0,2.0,14137838.24,324.56,"2,750,000",0.0,0.0,0.94,12.0,5.0,3080.0,0.0,0.16,6763.0,2.0,96159.0,1965.0,58.0,2195000.0
7171,7171.0,9.0,2.0,5382498.31,123.57,"1,950,000",0.0,0.0,0.48,8.0,9.0,3586.0,0.0,0.34,14810.0,2.0,100815.0,1962.0,61.0,1830000.0
7174,7174.0,8.0,3.0,15215283.7,349.3,"2,495,000",4.0,2.0,1.18,15.0,0.0,2391.0,2.0,0.14,6098.0,2.0,76680.0,1972.0,51.0,2130000.0
13874,13874.0,18.0,2.0,18605445.81,427.12,"3,850,000",12.0,4.0,1.85,16.0,2.0,6937.0,0.0,0.17,7492.0,2.0,172039.0,1961.0,62.0,3200000.0
27584,27584.0,41.0,2.0,15125000.0,347.22,"11,890,000",40.0,0.0,0.79,63.0,1.0,13792.0,0.0,0.8,34848.0,2.0,580800.0,1963.0,60.0,12100000.0
4716,4716.0,10.0,2.0,12931297.71,296.86,"1,695,000",10.0,0.0,1.0,13.0,0.0,2358.0,0.0,0.11,4716.0,2.0,87850.0,1965.0,58.0,1400000.0
5520,5520.0,5.0,2.0,10550000.0,242.2,"2,200,000",2.0,1.0,0.63,6.0,0.0,2760.0,2.0,0.2,8712.0,2.0,53900.0,1969.0,54.0,2110000.0
3496,3496.0,4.0,2.0,10018800.0,230.0,"1,250,000",0.0,0.0,0.7,6.0,4.0,1830.0,0.0,0.11,5000.0,2.0,69375.0,1963.0,60.0,1150000.0
3872,3872.0,6.0,2.0,4574876.44,105.03,"1,300,000",4.0,2.0,0.32,6.0,0.0,1936.0,0.0,0.28,12140.0,2.0,71760.0,1964.0,59.0,1275000.0
15918,15918.0,18.0,2.0,19365105.17,444.56,"7,450,000",0.0,0.0,0.99,22.0,18.0,7959.0,0.0,0.37,16117.0,2.0,366848.0,1963.0,60.0,7165000.0
6472,6472.0,9.0,2.0,9540675.85,219.02,"1,638,000",0.0,0.0,0.9,12.0,9.0,3236.0,0.0,0.17,7191.0,2.0,93950.0,1963.0,60.0,1575000.0
6852,6852.0,8.0,2.0,15715316.5,360.77,"2,200,000",3.0,5.0,1.12,4.0,0.0,3426.0,0.0,0.14,6098.0,2.0,92959.0,1964.0,59.0,2200000.0
20623,20623.0,28.0,2.0,15419095.19,353.97,"7,850,000",20.0,6.0,0.68,51.0,0.0,10311.0,2.0,0.69,30157.0,3.0,322660.0,1964.0,59.0,7300000.0
3780,3780.0,7.0,2.0,7135647.78,163.81,"1,550,000",3.0,4.0,0.43,6.0,0.0,4049.0,0.0,0.2,8699.0,2.0,83300.0,1962.0,61.0,1425000.0
7971,7971.0,9.0,2.0,24698582.5,567.0,"4,150,000",1.0,5.0,1.14,8.0,0.0,3986.0,3.0,0.16,6970.0,2.0,182978.0,1964.0,59.0,3952000.0
3692,3692.0,6.0,2.0,9549663.39,219.23,"1,350,000",0.0,0.0,0.64,9.0,6.0,3692.0,0.0,0.13,5793.0,2.0,51809.0,1963.0,60.0,1270000.0
6045,6045.0,10.0,2.0,17755434.78,407.61,"2,400,000",0.0,0.0,1.1,8.0,10.0,3021.0,0.0,0.13,5520.0,2.0,116550.0,1962.0,61.0,2250000.0
6650,6650.0,6.0,2.0,8750000.0,200.87,"1,795,000",0.0,3.0,0.76,6.0,0.0,3325.0,3.0,0.2,8712.0,2.0,59757.0,1962.0,61.0,1750000.0
5210,5210.0,6.0,2.0,16286782.55,373.89,"2,400,000",1.0,4.0,0.85,6.0,1.0,2605.0,0.0,0.14,6098.0,2.0,74909.0,1961.0,62.0,2280000.0
8277,8277.0,12.0,2.0,16977996.46,389.76,"4,300,000",0.0,0.0,0.92,18.0,12.0,4522.0,0.0,0.21,9043.0,2.0,146773.0,1972.0,51.0,3525000.0
6050,6050.0,5.0,2.0,9720000.0,223.14,"1,400,000",0.0,0.0,1.0,5.0,5.0,3025.0,0.0,0.14,6050.0,2.0,67905.0,1963.0,60.0,1350000.0
12404,12404.0,18.0,2.0,10851362.57,249.11,"3,995,000",9.0,9.0,0.94,12.0,0.0,7791.0,0.0,0.3,13247.0,2.0,295126.0,1963.0,60.0,3300000.0
4810,4810.0,4.0,2.0,11872991.15,272.57,"1,675,000",0.0,3.0,0.85,4.0,0.0,2405.0,1.0,0.13,5650.0,2.0,86260.0,1963.0,60.0,1540000.0
4341,4341.0,5.0,2.0,17015625.0,390.63,"1,150,000",0.0,0.0,1.47,5.0,5.0,2171.0,0.0,0.07,2944.0,2.0,69000.0,1962.0,61.0,1150000.0
4343,4343.0,6.0,2.0,4880125.48,112.03,"1,200,000",0.0,5.0,0.49,12.0,0.0,2172.0,1.0,0.2,8926.0,2.0,45835.0,1961.0,62.0,1000000.0
6875,6875.0,9.0,2.0,8710838.56,199.97,"1,899,000",2.0,7.0,0.92,9.0,0.0,3437.0,0.0,0.17,7501.0,2.0,81270.0,1965.0,58.0,1500000.0
10522,10522.0,8.0,1.0,9977095.74,229.04,"3,100,000",0.0,1.0,0.8,12.0,0.0,10522.0,7.0,0.3,13098.0,2.0,142690.0,1963.0,60.0,3000000.0
3650,3650.0,5.0,2.0,6230549.18,143.03,"825,000",3.0,1.0,0.64,5.0,0.0,1825.0,1.0,0.13,5663.0,2.0,13176.0,1968.0,55.0,810000.0
26202,26202.0,34.0,3.0,17445183.44,400.49,"8,000,000",18.0,16.0,1.87,32.0,0.0,8734.0,0.0,0.32,13983.0,2.0,328478.0,1964.0,59.0,5600000.0
12390,12390.0,13.0,2.0,14193127.96,325.83,"4,650,000",0.0,0.0,0.92,4.0,13.0,6195.0,0.0,0.31,13504.0,2.0,195023.0,1961.0,62.0,4400000.0
12959,12959.0,26.0,2.0,17095424.98,392.46,"7,950,000",19.0,1.0,0.71,26.0,6.0,1.0,0.0,0.42,18295.0,2.0,402080.0,1968.0,55.0,7180000.0
52317,52317.0,67.0,3.0,23961528.08,550.08,"17,000,000",46.0,19.0,1.77,67.0,0.0,22939.0,2.0,0.68,29632.0,2.0,681700.0,1968.0,55.0,16300000.0
64578,64578.0,50.0,3.0,25984951.99,596.53,"32,000,000",9.0,15.0,1.24,55.0,0.0,21526.0,26.0,1.19,51967.0,2.0,961884.0,1961.0,62.0,31000000.0
33012,33012.0,36.0,2.0,7016687.08,161.08,"11,000,000",17.0,19.0,0.48,36.0,0.0,16506.0,0.0,1.57,68568.0,2.0,589803.0,1961.0,62.0,11045000.0
3574,3574.0,4.0,2.0,16349597.86,375.34,"2,600,000",1.0,2.0,0.64,4.0,0.0,1787.0,0.0,0.13,5595.0,3.0,74130.0,1964.0,59.0,2100000.0
7623,7623.0,8.0,2.0,8574803.15,196.85,"1,800,000",1.0,6.0,0.85,12.0,0.0,3811.0,1.0,0.21,9017.0,2.0,132480.0,1965.0,58.0,1775000.0
8016,8016.0,4.0,2.0,11430638.3,262.41,"2,000,000",0.0,6.0,1.26,6.0,0.0,4008.0,0.0,0.15,6345.0,2.0,60939.0,1971.0,52.0,1665000.0
3912,3912.0,5.0,2.0,9958847.74,228.62,"1,600,000",0.0,0.0,0.6,10.0,5.0,1956.0,0.0,0.15,6561.0,2.0,71856.0,1962.0,61.0,1500000.0
23805,23805.0,40.0,2.0,11368879.38,260.99,"11,500,000",35.0,5.0,0.61,57.0,0.0,11902.0,0.0,0.9,39273.0,2.0,449955.0,1964.0,59.0,10250000.0
12930,12930.0,10.0,3.0,33285995.88,764.14,"5,725,000",2.0,7.0,1.81,12.0,1.0,4310.0,0.0,0.16,7154.0,2.0,235870.0,1966.0,57.0,5466667.0
7812,7812.0,6.0,2.0,4272139.48,98.08,"2,000,000",0.0,0.0,0.57,8.0,0.0,3906.0,3.0,0.32,13765.0,3.0,81052.0,1974.0,49.0,1350000.0
3276,3276.0,4.0,2.0,10832623.82,248.68,"1,250,000",0.0,4.0,0.69,4.0,0.0,1638.0,0.0,0.11,4744.0,2.0,55066.0,1965.0,58.0,1180000.0
3062,3062.0,5.0,1.0,11044935.91,253.56,"1,900,000",4.0,1.0,0.43,6.0,0.0,3062.0,0.0,0.16,7099.0,2.0,63824.0,1962.0,61.0,1800000.0
29212,29212.0,40.0,2.0,23624212.74,542.34,"15,975,000",25.0,15.0,1.02,104.0,0.0,14606.0,0.0,0.66,28580.0,2.0,623213.0,1969.0,54.0,15500000.0
7786,7786.0,8.0,2.0,16632537.62,381.83,"3,495,000",8.0,0.0,0.88,8.0,0.0,4725.0,0.0,0.2,8839.0,2.0,135029.0,1962.0,61.0,3375000.0
5876,5876.0,8.0,2.0,15311621.23,351.51,"2,900,000",0.0,0.0,0.84,8.0,8.0,2938.0,0.0,0.16,6970.0,2.0,98000.0,1965.0,58.0,2450000.0
4450,4450.0,6.0,2.0,9593088.26,220.23,"1,600,000",1.0,5.0,0.75,6.0,0.0,2225.0,0.0,0.14,5903.0,2.0,65814.0,1965.0,58.0,1300000.0
8260,8260.0,8.0,2.0,30972067.04,711.02,"5,895,000",4.0,4.0,1.05,20.0,0.0,4130.0,0.0,0.18,7876.0,2.0,219043.0,1963.0,60.0,5600000.0
14279,14279.0,15.0,2.0,11934942.29,273.99,"5,250,000",0.0,14.0,0.83,22.0,0.0,7139.0,1.0,0.39,17154.0,2.0,188109.0,1965.0,58.0,4700000.0
6457,6457.0,4.0,2.0,9400000.0,215.79,"2,700,000",1.0,2.0,0.59,4.0,0.0,3229.0,1.0,0.25,10890.0,2.0,76080.0,1967.0,56.0,2350000.0
3808,3808.0,4.0,1.0,5270127.59,120.99,"1,450,000",0.0,4.0,0.34,6.0,0.0,3808.0,0.0,0.26,11365.0,2.0,37174.0,1961.0,62.0,1375000.0
8532,8532.0,12.0,2.0,17297250.4,397.09,"3,100,000",6.0,5.0,1.14,12.0,0.0,4266.0,1.0,0.17,7492.0,2.0,135151.0,1964.0,59.0,2975000.0
6408,6408.0,7.0,2.0,14993375.76,344.2,"2,695,000",2.0,5.0,0.83,7.0,0.0,3204.0,0.0,0.18,7699.0,2.0,126515.0,1963.0,60.0,2650000.0
10774,10774.0,13.0,2.0,12285714.29,282.04,"4,485,000",0.0,13.0,0.71,12.0,0.0,5387.0,0.0,0.35,15246.0,2.0,177220.0,1962.0,61.0,4300000.0
5636,5636.0,5.0,2.0,14071282.44,323.03,"3,200,000",2.0,3.0,0.61,11.0,0.0,2818.0,0.0,0.21,9287.0,2.0,123520.0,1962.0,61.0,3000000.0
4690,4690.0,8.0,2.0,6555388.34,150.49,"1,245,000",4.0,4.0,0.6,8.0,0.0,2345.0,0.0,0.18,7841.0,2.0,50786.0,1961.0,62.0,1180000.0
18372,18372.0,26.0,2.0,10515903.83,241.41,"7,700,000",13.0,13.0,0.6,34.0,0.0,9186.0,0.0,0.7,30653.0,2.0,347435.0,1964.0,59.0,7400000.0
5495,5495.0,5.0,2.0,9861814.52,226.4,"1,500,000",1.0,2.0,0.92,5.0,0.0,2747.0,2.0,0.14,5963.0,2.0,61067.0,1961.0,62.0,1350000.0
9082,9082.0,15.0,2.0,11882659.06,272.79,"3,350,000",8.0,3.0,0.76,15.0,4.0,7430.0,0.0,0.27,11914.0,2.0,122000.0,1964.0,59.0,3250000.0
4718,4718.0,5.0,2.0,19179829.45,440.31,"2,750,000",0.0,0.0,0.77,5.0,5.0,2359.0,0.0,0.14,6098.0,2.0,116983.0,1961.0,62.0,2685000.0
3816,3816.0,4.0,2.0,41932166.51,962.63,"3,275,000",2.0,2.0,1.2,5.0,0.0,1908.0,0.0,0.07,3171.0,2.0,144427.0,1971.0,52.0,3052500.0
4968,4968.0,8.0,2.0,8749497.85,200.86,"1,400,000",4.0,1.0,0.71,8.0,3.0,2484.0,0.0,0.16,6970.0,2.0,68880.0,1964.0,59.0,1400000.0
17962,17962.0,16.0,2.0,29310859.43,672.89,"10,900,000",0.0,16.0,1.2,28.0,0.0,8981.0,0.0,0.34,15010.0,3.0,409889.0,1961.0,62.0,10100000.0
6380,6380.0,8.0,2.0,13142172.26,301.7,"2,100,000",0.0,7.0,1.05,6.0,0.0,3153.0,1.0,0.14,6049.0,2.0,72182.0,1963.0,60.0,1825000.0
47832,47832.0,39.0,3.0,34904987.74,801.31,"21,000,000",22.0,14.0,1.96,52.0,0.0,15944.0,3.0,0.56,24459.0,2.0,798000.0,1961.0,62.0,19600000.0
9489,9489.0,15.0,2.0,13025947.73,299.04,"4,750,000",7.0,8.0,0.74,11.0,0.0,4745.0,0.0,0.29,12741.0,2.0,196215.0,1962.0,61.0,3810000.0
71596,71596.0,42.0,2.0,6820512.82,156.58,"12,950,000",0.0,38.0,0.84,63.0,0.0,31502.0,4.0,1.95,84942.0,2.0,598500.0,1963.0,60.0,13300000.0
5915,5915.0,7.0,2.0,21711763.03,498.43,"3,600,000",3.0,2.0,0.84,6.0,1.0,2602.0,1.0,0.16,7022.0,2.0,111857.0,1962.0,61.0,3500000.0
8858,8858.0,8.0,2.0,13638071.38,313.09,"2,500,000",2.0,6.0,1.11,8.0,0.0,4429.0,0.0,0.18,7985.0,2.0,99953.0,1964.0,59.0,2500000.0
5923,5923.0,10.0,2.0,23748637.02,545.19,"3,950,000",10.0,0.0,0.85,6.0,0.0,2962.0,0.0,0.16,6970.0,2.0,197600.0,1966.0,57.0,3800000.0
7805,7805.0,6.0,2.0,16139784.09,370.52,"3,250,000",0.0,0.0,1.04,5.0,6.0,3902.0,0.0,0.17,7503.0,2.0,165685.0,1972.0,51.0,2780000.0
10929,10929.0,16.0,2.0,9844573.42,226.0,"4,455,000",13.0,1.0,0.56,27.0,1.0,5464.0,1.0,0.45,19469.0,2.0,176918.0,1964.0,59.0,4400000.0
3630,3630.0,4.0,2.0,7420783.65,170.36,"1,345,000",0.0,4.0,0.44,4.0,0.0,1815.0,0.0,0.19,8218.0,2.0,62020.0,1975.0,48.0,1400000.0
3068,3068.0,5.0,2.0,15812876.71,363.01,"1,349,000",2.0,3.0,0.84,3.0,0.0,1534.0,0.0,0.08,3650.0,2.0,68635.0,1963.0,60.0,1325000.0
5248,5248.0,7.0,2.0,8890228.93,204.09,"1,250,000",2.0,3.0,0.85,7.0,2.0,2624.0,0.0,0.14,6159.0,2.0,50003.0,1963.0,60.0,1257000.0
4507,4507.0,6.0,1.0,4239614.43,97.33,"2,300,000",3.0,2.0,0.21,5.0,0.0,2254.0,1.0,0.49,21371.0,2.0,101217.0,1962.0,61.0,2080000.0
4302,4302.0,5.0,2.0,8323566.88,191.08,"1,638,000",2.0,2.0,0.55,8.0,0.0,2151.0,0.0,0.18,7850.0,2.0,129462.0,1964.0,59.0,1500000.0
6834,6834.0,6.0,2.0,8635242.29,198.24,"1,400,000",2.0,3.0,0.86,9.0,0.0,3417.0,0.0,0.18,7945.0,2.0,71400.0,1961.0,62.0,1575000.0
11593,11593.0,9.0,3.0,28801904.26,661.2,"5,250,000",0.0,8.0,1.53,9.0,1.0,3864.0,0.0,0.17,7562.0,2.0,214200.0,1966.0,57.0,5000000.0
5748,5748.0,6.0,2.0,21677056.04,497.64,"3,685,000",0.0,6.0,0.78,6.0,0.0,2874.0,0.0,0.17,7405.0,2.0,188631.0,1963.0,60.0,3685000.0
41824,41824.0,42.0,3.0,25412258.87,583.39,"13,600,000",0.0,0.0,1.86,51.0,42.0,13941.0,0.0,0.52,22499.0,2.0,428937.0,1962.0,61.0,13125000.0
5860,5860.0,9.0,2.0,6424213.08,147.48,"1,485,000",8.0,1.0,0.64,9.0,0.0,3735.0,0.0,0.21,9086.0,2.0,52042.0,1964.0,59.0,1340000.0
9648,9648.0,12.0,2.0,11888250.0,272.92,"3,500,000",4.0,8.0,0.8,8.0,0.0,4824.0,0.0,0.28,12000.0,2.0,147671.0,1964.0,59.0,3275000.0
6674,6674.0,8.0,2.0,10112142.86,232.14,"1,995,000",0.0,0.0,0.95,11.0,8.0,3337.0,0.0,0.16,7000.0,2.0,79625.0,1965.0,58.0,1625000.0
15293,15293.0,16.0,2.0,10857335.98,249.25,"6,500,000",11.0,3.0,0.65,21.0,0.0,7646.0,2.0,0.54,23671.0,2.0,211058.0,1962.0,61.0,5900000.0
6347,6347.0,8.0,2.0,20299271.05,466.01,"3,150,000",5.0,3.0,0.94,12.0,0.0,3173.0,0.0,0.15,6722.0,2.0,129059.0,1961.0,62.0,3132500.0
6282,6282.0,8.0,2.0,15311621.23,351.51,"2,650,000",0.0,0.0,0.9,8.0,8.0,3141.0,0.0,0.16,6970.0,2.0,66395.0,1963.0,60.0,2450000.0
7107,7107.0,6.0,2.0,15959352.97,366.38,"2,700,000",0.0,5.0,0.98,2.0,0.0,3554.0,1.0,0.17,7231.0,2.0,70200.0,1963.0,60.0,2650000.0
8070,8070.0,5.0,2.0,17482742.01,401.35,"2,500,000",0.0,0.0,1.3,10.0,5.0,3550.0,0.0,0.14,6229.0,2.0,102500.0,1964.0,59.0,2500000.0
6418,6418.0,8.0,2.0,10734428.57,246.43,"1,795,000",4.0,4.0,0.92,9.0,0.0,3960.0,0.0,0.16,7000.0,2.0,72159.0,1963.0,60.0,1725000.0
11490,11490.0,17.0,2.0,19418254.76,445.78,"4,400,000",0.0,0.0,1.28,14.0,17.0,5745.0,0.0,0.21,8973.0,2.0,191200.0,1964.0,59.0,4000000.0
10508,10508.0,12.0,2.0,12292136.98,282.19,"3,300,000",8.0,2.0,1.01,16.0,0.0,5254.0,2.0,0.24,10454.0,2.0,84370.0,1963.0,60.0,2950000.0
3439,3439.0,10.0,2.0,5506083.11,126.4,"800,000",3.0,1.0,0.54,4.0,0.0,1720.0,0.0,0.15,6329.0,2.0,77347.0,1961.0,62.0,800000.0
12040,12040.0,21.0,2.0,12284153.98,282.01,"4,725,000",17.0,3.0,0.72,21.0,1.0,6020.0,0.0,0.38,16755.0,2.0,237336.0,1962.0,61.0,4725000.0
3692,3692.0,5.0,2.0,8459347.49,194.2,"1,050,000",0.0,0.0,0.64,9.0,6.0,3692.0,0.0,0.13,5793.0,2.0,49148.0,1963.0,60.0,1125000.0
20562,20562.0,22.0,2.0,16477272.73,378.27,"7,250,000",6.0,10.0,1.07,31.0,0.0,10281.0,6.0,0.44,19166.0,2.0,296024.0,1969.0,54.0,7250000.0
15737,15737.0,18.0,2.0,11794871.8,270.78,"4,600,000",18.0,0.0,0.93,14.0,0.0,7869.0,0.0,0.39,16988.0,2.0,238913.0,1964.0,59.0,4600000.0
13054,13054.0,16.0,2.0,24030110.02,551.64,"4,150,000",0.0,16.0,1.74,8.0,0.0,6527.0,0.0,0.17,7523.0,2.0,223685.0,1964.0,59.0,4150000.0
12792,12792.0,12.0,2.0,7272727.27,166.96,"4,000,000",2.0,6.0,0.53,12.0,0.0,6396.0,4.0,0.55,23958.0,2.0,183600.0,1961.0,62.0,4000000.0
8182,8182.0,12.0,2.0,14267857.14,327.54,"3,995,000",4.0,7.0,0.67,14.0,0.0,4091.0,1.0,0.28,12197.0,2.0,173523.0,1963.0,60.0,3995000.0
11391,11391.0,16.0,2.0,15900000.0,365.01,"3,975,000",10.0,6.0,1.05,10.0,0.0,6600.0,0.0,0.25,10890.0,2.0,205836.0,1961.0,62.0,3975000.0
13641,13641.0,16.0,3.0,22478386.17,516.01,"3,900,000",0.0,16.0,1.8,8.0,0.0,4547.0,0.0,0.17,7558.0,2.0,216060.0,1964.0,59.0,3900000.0
12000,12000.0,21.0,2.0,10101744.19,231.9,"3,475,000",0.0,0.0,0.8,21.0,21.0,6000.0,0.0,0.34,14985.0,2.0,145342.0,1968.0,55.0,3475000.0
11867,11867.0,12.0,2.0,8461538.46,194.26,"3,300,000",6.0,0.0,0.7,18.0,6.0,5933.0,0.0,0.39,16988.0,2.0,142670.0,1963.0,60.0,3300000.0
8576,8576.0,10.0,2.0,14506769.83,333.04,"3,000,000",6.0,4.0,0.95,14.0,0.0,4288.0,0.0,0.21,9008.0,2.0,114900.0,1965.0,58.0,3000000.0
6315,6315.0,7.0,2.0,14754098.36,338.73,"2,700,000",0.0,4.0,0.79,12.0,1.0,3228.0,2.0,0.18,7971.0,2.0,139651.0,1965.0,58.0,2700000.0
6564,6564.0,3.0,2.0,13235294.12,303.85,"2,250,000",0.0,3.0,0.89,6.0,0.0,3282.0,0.0,0.17,7405.0,2.0,128513.0,1968.0,55.0,2250000.0
6814,6814.0,6.0,2.0,8620689.66,197.9,"2,150,000",0.0,0.0,0.63,6.0,6.0,3407.0,0.0,0.25,10864.0,2.0,78729.0,1965.0,58.0,2150000.0
4143,4143.0,6.0,2.0,18136363.64,416.32,"1,995,000",3.0,0.0,0.86,6.0,3.0,2072.0,0.0,0.11,4792.0,2.0,117705.0,1965.0,58.0,1995000.0
4447,4447.0,5.0,2.0,8679638.64,199.3,"1,249,000",3.0,2.0,0.71,6.0,0.0,2224.0,0.0,0.14,6267.0,2.0,54730.0,1962.0,61.0,1249000.0
9372,9372.0,9.0,2.0,24487906.92,562.17,"4,300,000",0.0,0.0,1.23,18.0,9.0,4175.0,0.0,0.18,7649.0,2.0,189630.0,1984.0,39.0,4300000.0
14706,14706.0,17.0,2.0,19676836.49,451.72,"6,650,000",2.0,15.0,1.09,32.0,0.0,7353.0,0.0,0.31,13504.0,2.0,232085.0,1986.0,37.0,6100000.0
4488,4488.0,6.0,2.0,7618646.49,174.9,"1,280,000",0.0,6.0,0.64,12.0,0.0,2244.0,0.0,0.16,7004.0,2.0,56576.0,1978.0,45.0,1225000.0
5670,5670.0,8.0,2.0,12209823.81,280.3,"2,750,000",0.0,8.0,0.76,8.0,0.0,2835.0,0.0,0.17,7492.0,2.0,127536.0,1984.0,39.0,2100000.0
5734,5734.0,8.0,2.0,7914569.76,181.69,"1,695,000",8.0,0.0,0.66,8.0,0.0,2522.0,0.0,0.2,8751.0,2.0,58138.0,1977.0,46.0,1590000.0
2290,2290.0,4.0,1.0,6155398.55,141.31,"1,195,000",3.0,0.0,0.29,4.0,0.0,2290.0,0.0,0.18,7841.0,2.0,82445.0,1983.0,40.0,1108000.0
17040,17040.0,19.0,2.0,10094940.93,231.75,"8,325,000",0.0,19.0,0.52,42.0,0.0,9139.0,0.0,0.76,33010.0,3.0,350410.0,1990.0,33.0,7650000.0
7770,7770.0,9.0,3.0,20574044.47,472.32,"3,350,000",1.0,8.0,1.13,13.0,0.0,2590.0,0.0,0.16,6881.0,2.0,172209.0,1987.0,36.0,3250000.0
7680,7680.0,8.0,3.0,18178582.68,417.32,"2,700,000",0.0,8.0,1.21,14.0,0.0,2560.0,0.0,0.15,6350.0,2.0,121454.0,1986.0,37.0,2650000.0
6174,6174.0,8.0,2.0,13784810.13,316.46,"2,350,000",6.0,2.0,0.89,12.0,0.0,3087.0,0.0,0.16,6952.0,2.0,97666.0,1987.0,36.0,2200000.0
4403,4403.0,4.0,2.0,21225129.85,487.26,"1,950,000",0.0,4.0,0.65,5.0,0.0,2202.0,0.0,0.16,6753.0,2.0,73481.0,1976.0,47.0,1970000.0
4612,4612.0,5.0,1.0,4791620.83,110.0,"2,199,900",0.0,5.0,0.22,10.0,0.0,4612.0,0.0,0.48,20909.0,2.0,104203.0,1987.0,36.0,2300000.0
23591,23591.0,30.0,2.0,19583146.01,449.57,"9,500,000",16.0,13.0,1.13,45.0,0.0,11795.0,1.0,0.48,20909.0,2.0,391092.0,1987.0,36.0,9400000.0
6778,6778.0,8.0,3.0,12257701.42,281.4,"1,999,000",4.0,2.0,1.0,8.0,1.0,2259.0,1.0,0.16,6752.0,2.0,95000.0,1976.0,47.0,1900000.0
4193,4193.0,7.0,2.0,10979431.46,252.05,"1,995,000",0.0,0.0,0.53,12.0,7.0,2095.0,0.0,0.18,7915.0,2.0,112679.0,1982.0,41.0,1995000.0
14724,14724.0,12.0,2.0,18000000.0,413.22,"5,500,000",0.0,12.0,1.13,16.0,0.0,7362.0,0.0,0.3,13068.0,3.0,259403.0,1986.0,37.0,5400000.0
4566,4566.0,7.0,2.0,9400000.0,215.79,"1,950,000",7.0,0.0,0.52,12.0,0.0,2283.0,0.0,0.2,8712.0,2.0,100367.0,1978.0,45.0,1880000.0
9920,9920.0,10.0,2.0,22342467.72,512.91,"3,550,000",5.0,5.0,1.42,6.0,0.0,4960.0,0.0,0.16,6970.0,2.0,101486.0,1986.0,37.0,3575000.0
19368,19368.0,20.0,2.0,7557209.62,173.49,"7,795,000",8.0,10.0,0.54,20.0,0.0,9684.0,2.0,0.82,35737.0,2.0,307945.0,1976.0,47.0,6200000.0
9348,9348.0,10.0,2.0,10140131.05,232.79,"2,299,000",8.0,2.0,1.07,8.0,0.0,4674.0,0.0,0.2,8699.0,2.0,110705.0,1985.0,38.0,2025000.0
5792,5792.0,6.0,2.0,16260117.88,373.28,"2,700,000",0.0,4.0,0.81,6.0,0.0,2896.0,2.0,0.16,7126.0,2.0,129726.0,1986.0,37.0,2660000.0
5384,5384.0,6.0,2.0,13568383.15,311.49,"1,850,000",0.0,0.0,0.97,12.0,6.0,2692.0,0.0,0.13,5554.0,2.0,86675.0,1987.0,36.0,1730000.0
17096,17096.0,18.0,2.0,8892738.91,204.15,"6,300,000",0.0,18.0,0.63,28.0,0.0,8548.0,0.0,0.62,27186.0,2.0,207905.0,1977.0,46.0,5550000.0
6044,6044.0,8.0,2.0,12367972.74,283.93,"2,000,000",5.0,3.0,0.86,13.0,0.0,3022.0,0.0,0.16,7044.0,2.0,89201.0,1986.0,37.0,2000000.0
8000,8000.0,8.0,2.0,18888407.09,433.62,"3,650,000",0.0,8.0,1.02,16.0,0.0,4000.0,0.0,0.18,7841.0,3.0,68000.0,1985.0,38.0,3400000.0
8208,8208.0,10.0,2.0,12132732.19,278.53,"2,845,000",8.0,0.0,0.82,18.0,0.0,4104.0,2.0,0.23,9981.0,2.0,116867.0,1987.0,36.0,2780000.0
23092,23092.0,27.0,2.0,29118433.49,668.47,"11,200,000",12.0,15.0,1.56,27.0,0.0,11546.0,0.0,0.34,14810.0,3.0,445500.0,2002.0,21.0,9900000.0
30018,30018.0,33.0,2.0,8086956.52,185.65,"9,950,000",10.0,19.0,0.6,48.0,0.0,15009.0,4.0,1.15,50094.0,2.0,424760.0,1995.0,28.0,9300000.0
3700,3700.0,6.0,2.0,11362687.81,260.85,"1,250,000",1.0,1.0,0.77,7.0,4.0,1850.0,0.0,0.11,4792.0,2.0,32764.0,1988.0,35.0,1250000.0
8957,8957.0,10.0,2.0,23606829.13,541.94,"4,000,000",1.0,9.0,1.27,21.0,0.0,4478.0,0.0,0.16,7058.0,2.0,152046.0,1985.0,38.0,3825000.0
4872,4872.0,5.0,2.0,10703454.09,245.72,"1,750,000",0.0,5.0,0.68,10.0,0.0,2436.0,0.0,0.16,7122.0,2.0,58916.0,1985.0,38.0,1750000.0
9211,9211.0,10.0,2.0,16257709.25,373.23,"3,500,000",0.0,10.0,1.13,18.0,0.0,4600.0,0.0,0.19,8172.0,3.0,149450.0,1987.0,36.0,3050000.0
4942,4942.0,5.0,2.0,6270225.43,143.95,"1,475,000",0.0,5.0,0.48,5.0,0.0,2471.0,0.0,0.24,10247.0,2.0,63874.0,1990.0,33.0,1475000.0
19938,19938.0,34.0,2.0,7341857.49,168.55,"5,800,000",0.0,0.0,0.58,40.0,34.0,9969.0,0.0,0.79,34412.0,2.0,218358.0,1977.0,46.0,5800000.0
13120,13120.0,18.0,2.0,10577016.47,242.82,"5,700,000",2.0,13.0,0.58,29.0,0.0,6368.0,3.0,0.52,22651.0,2.0,384750.0,1987.0,36.0,5500000.0
20852,20852.0,24.0,2.0,20537234.04,471.47,"8,000,000",0.0,24.0,1.26,51.0,0.0,10426.0,0.0,0.38,16544.0,3.0,370512.0,1988.0,35.0,7800000.0
8621,8621.0,7.0,2.0,34706819.72,796.76,"6,100,000",0.0,1.0,1.16,16.0,0.0,4310.0,6.0,0.17,7405.0,3.0,231800.0,1990.0,33.0,5900000.0
5616,5616.0,7.0,2.0,6342618.38,145.61,"1,750,000",1.0,6.0,0.47,13.0,0.0,2808.0,0.0,0.27,11847.0,3.0,70600.0,1992.0,31.0,1725000.0
7760,7760.0,6.0,3.0,22173470.41,509.03,"5,200,000",0.0,0.0,0.77,22.0,6.0,2587.0,0.0,0.23,10019.0,2.0,206082.0,1980.0,43.0,5100000.0
8329,8329.0,9.0,2.0,20491844.36,470.43,"3,275,000",1.0,8.0,1.3,10.0,0.0,4164.0,0.0,0.15,6425.0,3.0,129967.0,1987.0,36.0,3022500.0
7607,7607.0,8.0,2.0,15106842.74,346.81,"2,600,000",0.0,8.0,1.01,14.0,0.0,3839.0,0.0,0.17,7497.0,2.0,89960.0,1987.0,36.0,2600000.0
3224,3224.0,4.0,2.0,10906525.04,250.38,"1,845,000",0.0,4.0,0.44,10.0,0.0,1612.0,0.0,0.17,7249.0,2.0,83077.0,1988.0,35.0,1815000.0
8856,8856.0,12.0,2.0,6571064.91,150.85,"3,350,000",0.0,12.0,0.42,27.0,0.0,4428.0,0.0,0.49,21213.0,3.0,121558.0,1987.0,36.0,3200000.0
5096,5096.0,5.0,2.0,6378844.0,146.44,"2,190,000",0.0,4.0,0.44,5.0,0.0,2548.0,1.0,0.27,11609.0,2.0,79900.0,1976.0,47.0,1700000.0
6616,6616.0,7.0,2.0,20294665.77,465.9,"3,500,000",0.0,0.0,0.89,13.0,7.0,3308.0,0.0,0.17,7405.0,2.0,151800.0,1988.0,35.0,3450000.0
6727,6727.0,6.0,2.0,20751361.1,476.39,"2,749,000",0.0,0.0,1.1,12.0,6.0,3364.0,0.0,0.14,6098.0,2.0,122010.0,1988.0,35.0,2905000.0
16169,16169.0,20.0,2.0,26276336.19,603.22,"9,100,000",7.0,11.0,1.09,31.0,1.0,8084.0,1.0,0.34,14837.0,2.0,277450.0,1987.0,36.0,8950000.0
8944,8944.0,12.0,2.0,13571795.12,311.57,"3,550,000",0.0,0.0,0.86,12.0,12.0,4472.0,0.0,0.24,10367.0,2.0,113750.0,1986.0,37.0,3230000.0
9770,9770.0,9.0,2.0,10074195.26,231.27,"4,075,000",0.0,5.0,0.57,18.0,0.0,4885.0,4.0,0.39,16993.0,2.0,185174.0,1988.0,35.0,3930000.0
33504,33504.0,33.0,2.0,20786335.8,477.2,"12,900,000",0.0,33.0,1.24,66.0,0.0,16752.0,0.0,0.62,27033.0,2.0,749050.0,1987.0,36.0,12900000.0
13560,13560.0,15.0,2.0,20437956.2,469.21,"5,600,000",0.0,0.0,1.14,28.0,15.0,6780.0,0.0,0.27,11935.0,2.0,224200.0,1984.0,39.0,5600000.0
15188,15188.0,16.0,2.0,16774193.55,385.07,"5,200,000",4.0,12.0,1.12,16.0,0.0,7594.0,0.0,0.31,13504.0,2.0,235847.0,1988.0,35.0,5200000.0
8960,8960.0,8.0,3.0,16464705.88,377.99,"2,799,000",0.0,0.0,1.21,16.0,8.0,2987.0,0.0,0.17,7405.0,2.0,95233.0,1989.0,34.0,2799000.0
3598,3598.0,4.0,2.0,15160703.46,348.0,"2,500,000",4.0,0.0,0.5,12.0,0.0,1799.0,0.0,0.16,7184.0,2.0,88872.0,1990.0,33.0,2500000.0
7314,7314.0,5.0,2.0,12116402.12,278.15,"2,290,000",0.0,4.0,0.89,15.0,0.0,3657.0,1.0,0.19,8233.0,3.0,83222.0,1990.0,33.0,2290000.0
6758,6758.0,4.0,3.0,23800067.45,546.37,"3,250,000",0.0,0.0,1.14,8.0,0.0,2253.0,2.0,0.14,5930.0,1.0,180050.0,2023.0,0.0,3240000.0
9600,9600.0,8.0,2.0,24738781.5,567.92,"4,600,000",0.0,8.0,1.28,16.0,0.0,4800.0,0.0,0.17,7501.0,3.0,203159.0,2006.0,17.0,4260000.0
5138,5138.0,4.0,3.0,13542184.81,310.89,"1,650,000",0.0,0.0,0.98,6.0,1.0,1713.0,2.0,0.12,5227.0,3.0,97373.0,2008.0,15.0,1625000.0
4217,4217.0,4.0,2.0,19375741.34,444.81,"2,395,000",0.0,1.0,0.81,18.0,0.0,2109.0,3.0,0.12,5227.0,3.0,143815.0,2023.0,0.0,2325000.0
5815,5815.0,4.0,2.0,15905337.16,365.14,"2,595,000",0.0,0.0,0.83,8.0,0.0,2908.0,4.0,0.16,6970.0,3.0,142206.0,2017.0,6.0,2545000.0
8625,8625.0,5.0,2.0,18235786.63,418.64,"3,300,000",0.0,0.0,1.16,11.0,0.0,4313.0,5.0,0.17,7405.0,3.0,168020.0,2022.0,1.0,3100000.0
45135,45135.0,42.0,8.0,70905032.09,1627.76,"19,000,000",16.0,18.0,4.2,42.0,8.0,5642.0,0.0,0.25,10751.0,3.0,897899.0,2016.0,7.0,17500000.0
6105,6105.0,4.0,3.0,20002370.02,459.19,"3,100,000",0.0,0.0,0.9,8.0,0.0,2035.0,2.0,0.15,6751.0,3.0,167139.0,2023.0,0.0,3100000.0
6404,6404.0,4.0,3.0,12188080.07,279.8,"2,540,000",0.0,4.0,0.73,10.0,0.0,2135.0,0.0,0.2,8792.0,3.0,117588.0,2022.0,1.0,2460000.0
5115,5115.0,4.0,2.0,17249010.04,395.98,"2,895,000",0.0,0.0,0.73,8.0,0.0,2558.0,2.0,0.16,6970.0,3.0,163116.0,2020.0,3.0,2760000.0
12570,12570.0,8.0,4.0,28236056.72,648.21,"5,500,000",0.0,0.0,1.7,17.0,0.0,3143.0,8.0,0.17,7405.0,4.0,225081.0,2008.0,15.0,4800000.0
10024,10024.0,28.0,4.0,41921596.33,962.39,"5,750,000",20.0,0.0,1.77,8.0,7.0,2506.0,0.0,0.13,5663.0,3.0,299113.0,2018.0,5.0,5450000.0
8253,8253.0,5.0,3.0,30105644.23,691.13,"4,299,000",0.0,1.0,1.36,8.0,0.0,2751.0,0.0,0.14,6077.0,3.0,223389.0,2023.0,0.0,4200000.0
14279,14279.0,9.0,4.0,14490510.54,332.66,"5,000,000",0.0,0.0,2.19,11.0,9.0,3570.0,0.0,0.15,6534.0,3.0,296500.0,2021.0,2.0,4750000.0
18080,18080.0,8.0,4.0,36906606.28,847.26,"5,500,000",6.0,2.0,2.82,11.0,0.0,2312.0,0.0,0.15,6403.0,4.0,194215.0,2017.0,6.0,5425000.0
5000,5000.0,7.0,2.0,30262008.73,694.72,"4,250,000",3.0,0.0,0.99,8.0,4.0,2500.0,0.0,0.12,5038.0,3.0,215664.0,2021.0,2.0,3500000.0
9739,9739.0,29.0,3.0,44212663.12,1014.98,"8,650,000",5.0,0.0,1.18,9.0,24.0,4607.0,0.0,0.19,8276.0,3.0,336000.0,2021.0,2.0,8400000.0
9154,9154.0,8.0,3.0,24698520.0,567.0,"5,975,000",0.0,7.0,0.92,16.0,1.0,3051.0,0.0,0.23,10001.0,3.0,274316.0,2022.0,1.0,5670000.0
16284,16284.0,13.0,3.0,30400000.0,697.89,"7,795,000",0.0,13.0,1.5,23.0,0.0,5428.0,0.0,0.25,10890.0,3.0,293588.0,2007.0,16.0,7600000.0
6014,6014.0,4.0,3.0,26180288.62,601.02,"3,999,000",0.0,0.0,0.99,5.0,0.0,2005.0,0.0,0.14,6098.0,4.0,207948.0,2022.0,1.0,3665000.0
5703,5703.0,4.0,3.0,20561319.94,472.02,"3,449,000",0.0,0.0,0.82,8.0,0.0,1901.0,0.0,0.16,6970.0,3.0,184095.0,2022.0,1.0,3290000.0
7264,7264.0,1.0,2.0,26899171.27,617.67,"3,895,000",0.0,0.0,1.15,8.0,0.0,3632.0,1.0,0.14,6306.0,3.0,213400.0,2023.0,0.0,3895000.0
7577,7577.0,4.0,3.0,27992307.69,642.59,"3,639,000",4.0,0.0,1.34,6.0,0.0,2526.0,0.0,0.13,5663.0,3.0,255150.0,2023.0,0.0,3639000.0
6936,6936.0,4.0,3.0,18333333.33,420.88,"2,750,000",0.0,0.0,1.06,8.0,0.0,2312.0,0.0,0.15,6534.0,2.0,153006.0,2023.0,0.0,2750000.0
5704,5704.0,4.0,2.0,16218750.0,372.31,"2,595,000",0.0,0.0,0.82,8.0,0.0,2852.0,4.0,0.16,6970.0,1.0,153624.0,2023.0,0.0,2595000.0
6400,6400.0,5.0,3.0,15468750.0,355.09,"2,475,000",0.0,1.0,0.92,6.0,0.0,2133.0,2.0,0.16,6970.0,3.0,152212.0,2023.0,0.0,2475000.0
5722,5722.0,4.0,2.0,13529411.77,310.6,"2,300,000",0.0,0.0,0.77,4.0,0.0,2861.0,0.0,0.17,7405.0,1.0,143060.0,2023.0,0.0,2300000.0
